kri,ggi,common_name,bl,subbl,pending_date,snapshot_date,traitement,exposure_days
KRI_001,101,Market Risk,IB,Equities,2026-01-03,2024-12-31,yes,8
KRI_002,102,Credit Risk,RB,Loans,2026-01-10,2024-01-15,no,15
KRI_003,103,Liquidity Risk,GM,Funding,2024-01-17,2024-01-31,yes,22
KRI_004,104,Operational Risk,CORP,Back Office,2024-01-24,2024-02-15,no,29
KRI_005,105,Compliance Risk,AM,Advisory,2024-01-31,2024-02-28,yes,36
KRI_006,106,Model Risk,IB,Quant,2024-02-07,2024-03-15,no,43
KRI_007,107,Cyber Risk,RB,Security,2024-02-14,2024-03-31,yes,50
KRI_008,108,Data Quality,GM,Reporting,2024-02-21,2024-04-15,no,57
KRI_009,109,Fraud Risk,CORP,Payments,2024-02-28,2024-04-30,yes,64
KRI_010,110,Conduct Risk,AM,HR,2024-03-07,2024-05-15,no,71
KRI_011,111,Counterparty Risk,IB,Derivatives,2024-03-14,2024-05-31,yes,78
KRI_012,112,Settlement Risk,RB,Clearing,2024-03-21,2024-06-15,no,85
KRI_013,113,Interest Rate Risk,GM,Treasury,2024-03-28,2024-06-30,yes,92
KRI_014,114,Strategic Risk,CORP,Planning,2024-04-04,2024-07-15,no,99
KRI_015,115,Business Continuity,AM,Resilience,2024-04-11,2024-07-31,yes,106
KRI_016,116,Third Party Risk,IB,Vendors,2024-04-18,2024-08-15,no,113
KRI_017,117,AML Risk,RB,Monitoring,2024-04-24,2024-08-31,yes,120
KRI_018,118,KYC Risk,GM,Onboarding,2024-05-02,2024-09-15,no,127
KRI_019,119,Technology Risk,CORP,Infrastructure,2024-05-09,2025-09-30,yes,134
KRI_020,120,Legal Risk,AM,Contracts,2025-05-16,2025-10-15,no,141
KRI_021,121,Reputational Risk,IB,Customer Service,2025-05-23,2025-10-31,yes,148
KRI_022,122,Country Risk,RB,Sovereign,2025-05-30,2025-11-15,no,155
KRI_023,-4,Tax Risk,GM,Filing,2025-06-06,2025-11-30,yes,162
KRI_024,124,Portfolio Risk,CORP,Allocation,2025-06-13,2025-12-15,no,169
KRI_025,125,Funding Risk,AM,ALM,2025-06-20,2025-12-31,yes,176
KRI_025,125,Concentration Risk,IB,Large Exposures,2025-06-27,2025-12-31,no,183
KRI_027,127,Valuation Risk,RB,Pricing,2025-07-04,2025-01-15,yes,190
KRI_028,-1,Reporting Risk,GM,Finance,2025-07-11,2025-01-31,no,197
KRI_029,129,Market Conduct,CORP,Surveillance,2025-07-18,2025-02-15,yes,204
KRI_030,130,Collateral Risk,AM,Securities,2025-07-25,2025-02-28,no,211
KRI_031,131,Trade Break Risk,IB,Reconciliation,2025-01-03,2025-03-15,yes,218
KRI_032,132,Policy Breach,RB,Governance,2025-01-10,2025-03-31,no,225
KRI_033,133,Access Risk,GM,Identity,2025-01-17,2025-04-15,yes,232
KRI_034,134,Operational Loss,CORP,Incidents,2025-01-24,2025-04-30,no,239
KRI_035,135,Stress Risk,AM,Scenario,2025-01-31,2025-05-15,yes,246
KRI_036,136,Hedging Risk,IB,Trading,2025-02-07,2025-05-31,no,253
KRI_037,137,Run-off Risk,RB,Portfolio,2025-02-14,2025-06-15,yes,250
KRI_038,138,Manual Override,GM,Approvals,2025-02-21,2025-06-30,no,257
KRI_039,139,Documentation Risk,CORP,Policies,2025-02-28,2025-07-15,yes,274
KRI_040,140,Incident Frequency,AM,Operations,2025-03-07,2025-07-31,null,281
KRI_041,141,Market Risk,IB,Equities,2025-03-14,2025-08-15,yes,288
KRI_042,142,Credit Risk,RB,Loans,2025-03-21,2025-08-31,no,295
KRI_043,143,Liquidity Risk,GM,Funding,2025-03-28,2025-09-15,yes,302
KRI_044,144,Operational Risk,CORP,Back Office,2025-04-04,2025-09-30,no,309
KRI_045,145,Compliance Risk,AM,Advisory,2025-04-11,2025-10-15,yes,316
KRI_046,146,Model Risk,IB,Quant,2025-04-18,2025-10-31,no,323
KRI_047,147,Cyber Risk,RB,Security,2025-04-25,2025-11-15,yes,330
KRI_048,-3,Data Quality,GM,Reporting,2025-05-02,2025-11-30,no,337
KRI_049,149,Fraud Risk,CORP,Payments,2025-05-09,2025-12-15,yes,344
KRI_050,150,Conduct Risk,AM,HR,2025-05-16,2025-12-31,no,351
KRI_051,151,Counterparty Risk,IB,Derivatives,2025-05-23,2025-12-31,yes,358
KRI_052,152,Settlement Risk,RB,Clearing,2025-05-30,2025-01-15,no,365
KRI_053,153,Interest Rate Risk,GM,Treasury,2025-06-06,2025-01-31,yes,7
KRI_054,154,Strategic Risk,CORP,Planning,2025-06-13,2025-02-15,no,14
KRI_055,155,Business Continuity,AM,Resilience,2025-06-20,2025-02-28,yes,21
KRI_056,156,Third Party Risk,IB,Vendors,2025-06-27,2025-03-15,no,28
KRI_057,157,AML Risk,RB,Monitoring,2025-07-04,2025-03-31,yes,35
KRI_058,158,KYC Risk,GM,Onboarding,2025-07-11,2025-04-15,no,42
KRI_059,159,Technology Risk,CORP,Infrastructure,2025-07-18,2025-04-30,yes,49
KRI_060,160,Legal Risk,AM,Contracts,2025-07-25,2025-05-15,no,56
KRI_061,161,Reputational Risk,IB,Customer Service,2025-01-03,2025-05-31,yes,63
KRI_062,162,Country Risk,RB,Sovereign,2025-01-10,2025-06-15,no,70
KRI_063,163,Tax Risk,GM,Filing,2025-01-17,2025-06-30,yes,77
KRI_064,164,Portfolio Risk,CORP,Allocation,2025-01-24,2025-07-15,no,84
KRI_065,165,Funding Risk,AM,ALM,2025-01-31,2025-07-31,yes,91
KRI_066,166,Concentration Risk,IB,Large Exposures,2025-02-07,2025-08-15,no,98
KRI_067,167,Valuation Risk,RB,Pricing,2025-02-14,2025-08-31,yes,105
KRI_068,168,Reporting Risk,GM,Finance,2025-02-21,2025-09-15,no,112
KRI_069,169,Market Conduct,CORP,Surveillance,2025-02-28,2025-09-30,yes,119
KRI_070,170,Collateral Risk,AM,Securities,2025-03-07,2025-10-15,no,125
KRI_071,171,Trade Break Risk,IB,Reconciliation,2025-03-14,2025-10-31,yes,133
KRI_072,172,Policy Breach,RB,Governance,2025-03-21,2025-11-15,no,140
KRI_073,173,Access Risk,GM,Identity,2025-03-28,2025-11-30,yes,147
KRI_074,174,Operational Loss,CORP,Incidents,2025-04-04,2025-12-15,no,154
KRI_075,175,Stress Risk,AM,Scenario,2025-04-11,2025-12-31,yes,161
KRI_076,176,Hedging Risk,IB,Trading,2025-04-18,2025-12-31,no,168
KRI_077,177,Run-off Risk,RB,Portfolio,2025-04-25,2025-01-15,yes,175
KRI_078,178,Manual Override,GM,Approvals,2025-05-02,2025-01-31,no,182
KRI_079,179,Documentation Risk,CORP,Policies,2025-05-09,2025-02-15,yes,189
KRI_080,180,Incident Frequency,AM,Operations,2025-05-16,2025-02-28,no,196
KRI_081,181,Market Risk,IB,Equities,2026-05-23,2026-03-15,yes,203
KRI_082,182,Credit Risk,RB,Loans,2026-05-30,2026-03-31,no,210
KRI_083,183,Liquidity Risk,GM,Funding,2026-06-06,2026-04-15,yes,217
KRI_084,184,Operational Risk,CORP,Back Office,2026-06-13,2026-04-30,no,224
KRI_085,185,Compliance Risk,AM,Advisory,2026-06-20,2026-05-15,yes,231
KRI_086,186,Model Risk,IB,Quant,2026-06-27,2026-05-31,no,238
KRI_087,187,Cyber Risk,RB,Security,2026-07-04,2026-06-15,yes,245
KRI_088,188,Data Quality,GM,Reporting,2026-07-11,2026-06-30,no,252
KRI_089,189,Fraud Risk,CORP,Payments,2026-07-18,2026-07-15,yes,259
KRI_090,190,Conduct Risk,AM,HR,2026-07-25,2026-07-31,no,266
KRI_091,191,Counterparty Risk,IB,Derivatives,2026-01-03,2026-08-15,yes,273
KRI_092,192,Settlement Risk,RB,Clearing,2026-01-10,2026-08-31,no,280
KRI_093,193,Interest Rate Risk,GM,Treasury,2026-01-17,2026-09-15,yes,287
KRI_094,194,Strategic Risk,CORP,Planning,2026-01-24,2026-09-30,no,294
KRI_095,195,Business Continuity,AM,Resilience,2026-01-31,2026-10-15,yes,301
KRI_096,196,Third Party Risk,IB,Vendors,2026-02-07,2026-10-31,no,308
KRI_097,197,AML Risk,RB,Monitoring,2026-02-14,2026-11-15,yes,315
KRI_098,198,KYC Risk,GM,Onboarding,2026-02-21,2026-11-30,no,322
KRI_099,199,Technology Risk,CORP,Infrastructure,2026-02-28,2026-12-15,yes,329
KRI_100,200,Legal Risk,AM,Contracts,2026-03-07,2026-12-31,no,336
KRI_101,201,Reputational Risk,IB,Customer Service,2026-03-14,2025-12-31,yes,343
KRI_102,202,Country Risk,RB,Sovereign,2026-03-21,2026-01-15,no,350
KRI_103,203,Tax Risk,GM,Filing,2026-03-28,2026-01-31,yes,357
KRI_104,204,Portfolio Risk,CORP,Allocation,2026-04-04,2026-02-15,no,364
KRI_105,205,Funding Risk,AM,ALM,2026-04-11,2026-02-28,yes,6
KRI_106,206,Concentration Risk,IB,Large Exposures,2026-04-18,2026-03-15,no,13
KRI_107,207,Valuation Risk,RB,Pricing,2026-04-25,2026-03-31,yes,20
KRI_108,208,Reporting Risk,GM,Finance,2026-05-02,2026-04-15,no,27
KRI_109,209,Market Conduct,CORP,Surveillance,2026-05-09,2026-04-30,yes,34
KRI_110,210,Collateral Risk,AM,Securities,2026-05-16,2026-05-15,no,41
KRI_111,211,Trade Break Risk,IB,Reconciliation,2026-05-23,2026-05-31,yes,48
KRI_112,212,Policy Breach,RB,Governance,2026-05-30,2026-06-15,no,55
KRI_113,213,Access Risk,GM,Identity,2026-06-06,2026-06-30,yes,62
KRI_114,214,Operational Loss,CORP,Incidents,2026-06-13,2026-07-15,no,69
KRI_115,215,Stress Risk,AM,Scenario,2026-06-20,2026-07-31,yes,76
KRI_116,216,Hedging Risk,IB,Trading,2026-06-27,2026-08-15,no,83
KRI_117,217,Run-off Risk,RB,Portfolio,2026-07-04,2026-08-31,yes,90
KRI_118,218,Manual Override,GM,Approvals,2026-07-11,2026-09-15,no,97
KRI_119,219,Documentation Risk,CORP,Policies,2026-07-18,2026-09-30,yes,104
KRI_120,220,Incident Frequency,AM,Operations,2026-07-25,2026-10-15,no,111
KRI_121,221,Market Risk,IB,Equities,2026-01-03,2026-10-31,yes,118
KRI_122,222,Credit Risk,RB,Loans,2026-01-10,2026-11-15,no,125
KRI_123,223,Liquidity Risk,GM,Funding,2026-01-17,2026-11-30,yes,132
KRI_124,224,Operational Risk,CORP,Back Office,2026-01-24,2026-12-15,no,139
KRI_125,225,Compliance Risk,AM,Advisory,2026-01-31,2026-12-31,yes,146
KRI_126,226,Model Risk,IB,Quant,2026-02-07,2025-12-31,no,153
KRI_127,227,Cyber Risk,RB,Security,2026-02-14,2026-01-15,yes,160
KRI_128,228,Data Quality,GM,Reporting,2026-02-21,2026-01-31,no,167
KRI_129,229,Fraud Risk,CORP,Payments,2026-02-28,2026-02-15,yes,174
KRI_130,230,Conduct Risk,AM,HR,2026-03-07,2026-02-28,no,181
KRI_131,231,Counterparty Risk,IB,Derivatives,2026-03-14,2026-03-15,yes,188
KRI_132,232,Settlement Risk,RB,Clearing,2026-03-21,2026-03-31,no,195
KRI_133,233,Interest Rate Risk,GM,Treasury,2026-03-28,2026-04-15,yes,202
KRI_134,234,Strategic Risk,CORP,Planning,2026-04-04,2026-04-30,no,209
KRI_135,235,Business Continuity,AM,Resilience,2026-04-11,2026-05-15,yes,216
KRI_136,236,Third Party Risk,IB,Vendors,2026-04-18,2026-05-31,no,223
KRI_137,237,AML Risk,RB,Monitoring,2026-04-25,2026-06-15,yes,230
KRI_138,238,KYC Risk,GM,Onboarding,2026-05-02,2026-06-30,no,237
KRI_139,239,Technology Risk,CORP,Infrastructure,2026-05-09,2026-07-15,yes,244
KRI_140,240,Legal Risk,AM,Contracts,2026-05-16,2026-07-31,no,251
KRI_141,241,Reputational Risk,IB,Customer Service,2026-05-23,2026-08-15,yes,258
KRI_142,242,Country Risk,RB,Sovereign,2026-05-30,2026-08-31,no,265
KRI_143,243,Tax Risk,GM,Filing,2026-06-06,2026-09-15,yes,272
KRI_144,244,Portfolio Risk,CORP,Allocation,2026-06-13,2026-09-30,no,279
KRI_145,245,Funding Risk,AM,ALM,2026-06-20,2026-10-15,yes,286
KRI_146,246,Concentration Risk,IB,Large Exposures,2026-06-27,2026-10-31,no,293
KRI_147,247,Valuation Risk,RB,Pricing,2026-07-04,2026-11-15,yes,300
KRI_148,248,Reporting Risk,GM,Finance,2026-07-11,2026-11-30,no,307
KRI_149,249,Market Conduct,CORP,Surveillance,2026-07-18,2026-12-15,yes,314
KRI_150,250,Collateral Risk,AM,Securities,2026-07-25,2026-12-31,no,321
KRI_151,251,Trade Break Risk,IB,Reconciliation,2026-01-03,2025-12-31,yes,328
KRI_152,252,Policy Breach,RB,Governance,2026-01-10,2026-01-15,no,335
KRI_153,253,Access Risk,GM,Identity,2026-01-17,2026-01-31,yes,342
KRI_154,254,Operational Loss,CORP,Incidents,2026-01-24,2026-02-15,no,349
KRI_155,255,Stress Risk,AM,Scenario,2026-01-31,2026-02-28,yes,356
KRI_156,256,Hedging Risk,IB,Trading,2026-02-07,2026-03-15,no,363
KRI_157,257,Run-off Risk,RB,Portfolio,2026-02-14,2026-03-31,yes,5
KRI_158,258,Manual Override,GM,Approvals,2026-02-21,2026-04-15,no,12
KRI_159,259,Documentation Risk,CORP,Policies,2026-02-28,2026-04-30,yes,19
KRI_160,260,Incident Frequency,AM,Operations,2026-03-07,2026-05-15,no,26
KRI_161,261,Market Risk,IB,Equities,2026-03-14,2026-05-31,yes,33
KRI_162,262,Credit Risk,RB,Loans,2026-03-21,2026-06-15,no,40
KRI_163,263,Liquidity Risk,GM,Funding,2026-03-28,2026-06-30,yes,47
KRI_164,264,Operational Risk,CORP,Back Office,2026-04-04,2026-07-15,no,54
KRI_165,265,Compliance Risk,AM,Advisory,2026-04-11,2026-07-31,yes,61
KRI_166,266,Model Risk,IB,Quant,2026-04-18,2026-08-15,no,68
KRI_167,267,Cyber Risk,RB,Security,2026-04-25,2026-08-31,yes,75
KRI_168,268,Data Quality,GM,Reporting,2026-05-02,2026-09-15,no,82
KRI_169,269,Fraud Risk,CORP,Payments,2026-05-09,2026-09-30,yes,89
KRI_170,270,Conduct Risk,AM,HR,2026-05-16,2026-10-15,no,96
KRI_171,271,Counterparty Risk,IB,Derivatives,2026-05-23,2026-10-31,yes,103
KRI_172,272,Settlement Risk,RB,Clearing,2026-05-30,2026-11-15,no,110
KRI_173,273,Interest Rate Risk,GM,Treasury,2026-06-06,2026-11-30,yes,117
KRI_174,274,Strategic Risk,CORP,Planning,2026-06-13,2026-12-15,no,124
KRI_175,275,Business Continuity,AM,Resilience,2026-06-20,2026-12-31,yes,131
KRI_176,276,Third Party Risk,IB,Vendors,2026-06-27,2025-12-31,no,138
KRI_177,277,AML Risk,RB,Monitoring,2026-07-04,2026-01-15,yes,145
KRI_178,278,KYC Risk,GM,Onboarding,2026-07-11,2026-01-31,no,152
KRI_179,279,Technology Risk,CORP,Infrastructure,2026-07-18,2026-02-15,yes,159
KRI_180,280,Legal Risk,AM,Contracts,2026-07-25,2026-02-28,no,166
KRI_181,281,Reputational Risk,IB,Customer Service,2026-01-03,2026-03-15,yes,173
KRI_182,282,Country Risk,RB,Sovereign,2026-01-10,2026-03-31,no,180
KRI_183,283,Tax Risk,GM,Filing,2026-01-17,2026-04-15,yes,187
KRI_184,284,Portfolio Risk,CORP,Allocation,2026-01-24,2026-04-30,no,194
KRI_185,285,Funding Risk,AM,ALM,2026-01-31,2026-05-15,yes,201
KRI_186,286,Concentration Risk,IB,Large Exposures,2026-02-07,2026-05-31,no,208
KRI_187,287,Valuation Risk,RB,Pricing,2026-02-14,2026-06-15,yes,215
KRI_188,288,Reporting Risk,GM,Finance,2026-02-21,2026-06-30,no,222
KRI_189,289,Market Conduct,CORP,Surveillance,2026-02-28,2026-07-15,yes,229
KRI_190,290,Collateral Risk,AM,Securities,2026-03-07,2026-07-31,no,236
KRI_191,291,Trade Break Risk,IB,Reconciliation,2026-03-14,2026-08-15,yes,243
KRI_192,292,Policy Breach,RB,Governance,2026-03-21,2026-08-31,no,250
KRI_193,293,Access Risk,GM,Identity,2026-03-28,2026-09-15,yes,257
KRI_194,294,Operational Loss,CORP,Incidents,2026-04-04,2026-09-30,no,264
KRI_195,295,Stress Risk,AM,Scenario,2026-04-11,2026-10-15,yes,271
KRI_196,296,Hedging Risk,IB,Trading,2026-04-18,2026-10-31,no,278
KRI_197,297,Run-off Risk,RB,Portfolio,2026-04-25,2026-11-15,yes,285
KRI_198,298,Manual Override,GM,Approvals,2026-05-02,2026-11-30,no,292
KRI_199,299,Documentation Risk,CORP,Policies,2026-05-09,2026-12-15,yes,299
KRI_200,300,Incident Frequency,AM,Operations,2026-05-16,2026-12-31,no,306
KRI_201,301,Market Risk,IB,Equities,2026-05-23,2025-12-31,yes,313
KRI_202,302,Credit Risk,RB,Loans,2026-05-30,2026-01-15,no,320
KRI_203,303,Liquidity Risk,GM,Funding,2026-06-06,2026-01-31,yes,327
KRI_204,304,Operational Risk,CORP,Back Office,2026-06-13,2026-02-15,no,334
KRI_205,305,Compliance Risk,AM,Advisory,2026-06-20,2026-02-28,yes,341
KRI_206,306,Model Risk,IB,Quant,2026-06-27,2026-03-15,no,348
KRI_207,307,Cyber Risk,RB,Security,2026-07-04,2026-03-31,yes,355
KRI_208,308,Data Quality,GM,Reporting,2026-07-11,2026-04-15,no,362
KRI_209,309,Fraud Risk,CORP,Payments,2026-07-18,2026-04-30,yes,4
KRI_210,310,Conduct Risk,AM,HR,2026-07-25,2026-05-15,no,11
KRI_211,311,Counterparty Risk,IB,Derivatives,2026-01-03,2026-05-31,yes,18
KRI_212,312,Settlement Risk,RB,Clearing,2026-01-10,2026-06-15,no,25
KRI_213,313,Interest Rate Risk,GM,Treasury,2026-01-17,2026-06-30,yes,32
KRI_214,314,Strategic Risk,CORP,Planning,2026-01-24,2026-07-15,no,39
KRI_215,315,Business Continuity,AM,Resilience,2026-01-31,2026-07-31,yes,46
KRI_216,316,Third Party Risk,IB,Vendors,2026-02-07,2026-08-15,no,53
KRI_217,317,AML Risk,RB,Monitoring,2026-02-14,2026-08-31,yes,60
KRI_218,318,KYC Risk,GM,Onboarding,2026-02-21,2026-09-15,no,67
KRI_219,319,Technology Risk,CORP,Infrastructure,2026-02-28,2026-09-30,yes,74
KRI_220,320,Legal Risk,AM,Contracts,2026-03-07,2026-10-15,no,81
KRI_221,321,Reputational Risk,IB,Customer Service,2026-03-14,2026-10-31,yes,88
KRI_222,322,Country Risk,RB,Sovereign,2026-03-21,2026-11-15,no,95
KRI_223,323,Tax Risk,GM,Filing,2026-03-28,2026-11-30,yes,102
KRI_224,324,Portfolio Risk,CORP,Allocation,2026-04-04,2026-12-15,no,109
KRI_225,325,Funding Risk,AM,ALM,2026-04-11,2026-12-31,yes,116
KRI_226,326,Concentration Risk,IB,Large Exposures,2026-04-18,2025-12-31,no,123
KRI_227,327,Valuation Risk,RB,Pricing,2026-04-25,2026-01-15,yes,130
KRI_228,328,Reporting Risk,GM,Finance,2026-05-02,2026-01-31,no,137
KRI_229,329,Market Conduct,CORP,Surveillance,2026-05-09,2026-02-15,yes,144
KRI_230,330,Collateral Risk,AM,Securities,2026-05-16,2026-02-28,no,151
KRI_231,331,Trade Break Risk,IB,Reconciliation,2026-05-23,2026-03-15,yes,158
KRI_232,332,Policy Breach,RB,Governance,2026-05-30,2026-03-31,no,165
KRI_233,333,Access Risk,GM,Identity,2026-06-06,2026-04-15,yes,172
KRI_234,334,Operational Loss,CORP,Incidents,2026-06-13,2026-04-30,no,179
KRI_235,335,Stress Risk,AM,Scenario,2026-06-20,2026-05-15,yes,186
KRI_236,336,Hedging Risk,IB,Trading,2026-06-27,2026-05-31,no,193
KRI_237,337,Run-off Risk,RB,Portfolio,2026-07-04,2026-06-15,yes,200
KRI_238,338,Manual Override,GM,Approvals,2026-07-11,2026-06-30,no,207
KRI_239,339,Documentation Risk,CORP,Policies,2026-07-18,2026-07-15,yes,214
KRI_240,340,Incident Frequency,AM,Operations,2026-07-25,2026-07-31,no,221
KRI_241,341,Market Risk,IB,Equities,2026-01-03,2026-08-15,yes,228
KRI_242,342,Credit Risk,RB,Loans,2026-01-10,2026-08-31,no,235
KRI_243,343,Liquidity Risk,GM,Funding,2026-01-17,2026-09-15,yes,242
KRI_244,344,Operational Risk,CORP,Back Office,2026-01-24,2026-09-30,no,249
KRI_245,345,Compliance Risk,AM,Advisory,2026-01-31,2026-10-15,yes,256
KRI_246,346,Model Risk,IB,Quant,2026-02-07,2026-10-31,no,263
KRI_247,347,Cyber Risk,RB,Security,2026-02-14,2026-11-15,yes,270
KRI_248,348,Data Quality,GM,Reporting,2026-02-21,2026-11-30,no,277
KRI_249,349,Fraud Risk,CORP,Payments,2026-02-28,2026-12-15,yes,284
KRI_250,350,Conduct Risk,AM,HR,2026-03-07,2026-12-31,no,291
KRI_251,351,Counterparty Risk,IB,Derivatives,2026-03-14,2025-12-31,yes,298
KRI_252,352,Settlement Risk,RB,Clearing,2026-03-21,2026-01-15,no,305
KRI_253,353,Interest Rate Risk,GM,Treasury,2026-03-28,2026-01-31,yes,312
KRI_254,354,Strategic Risk,CORP,Planning,2026-04-04,2026-02-15,no,319
KRI_255,355,Business Continuity,AM,Resilience,2026-04-11,2026-02-28,yes,326
KRI_256,356,Third Party Risk,IB,Vendors,2026-04-18,2026-03-15,no,333
KRI_257,357,AML Risk,RB,Monitoring,2026-04-25,2026-03-31,yes,340
KRI_258,358,KYC Risk,GM,Onboarding,2026-05-02,2026-04-15,no,347
KRI_259,359,Technology Risk,CORP,Infrastructure,2026-05-09,2026-04-30,yes,354
KRI_260,360,Legal Risk,AM,Contracts,2026-05-16,2026-05-15,no,361
KRI_261,361,Reputational Risk,IB,Customer Service,2026-05-23,2026-05-31,yes,3
KRI_262,362,Country Risk,RB,Sovereign,2026-05-30,2026-06-15,no,10
KRI_263,363,Tax Risk,GM,Filing,2026-06-06,2026-06-30,yes,17
KRI_264,364,Portfolio Risk,CORP,Allocation,2026-06-13,2026-07-15,no,24
KRI_265,365,Funding Risk,AM,ALM,2026-06-20,2026-07-31,yes,31
KRI_266,366,Concentration Risk,IB,Large Exposures,2026-06-27,2026-08-15,no,38
KRI_267,367,Valuation Risk,RB,Pricing,2026-07-04,2026-08-31,yes,45
KRI_268,368,Reporting Risk,GM,Finance,2026-07-11,2026-09-15,no,52
KRI_269,369,Market Conduct,CORP,Surveillance,2026-07-18,2026-09-30,yes,59
KRI_270,370,Collateral Risk,AM,Securities,2026-07-25,2026-10-15,no,66
KRI_271,371,Trade Break Risk,IB,Reconciliation,2026-01-03,2026-10-31,yes,73
KRI_272,372,Policy Breach,RB,Governance,2026-01-10,2026-11-15,no,80
KRI_273,373,Access Risk,GM,Identity,2026-01-17,2026-11-30,yes,87
KRI_274,374,Operational Loss,CORP,Incidents,2026-01-24,2026-12-15,no,94
KRI_275,375,Stress Risk,AM,Scenario,2026-01-31,2026-12-31,yes,101
KRI_276,376,Hedging Risk,IB,Trading,2026-02-07,2025-12-31,no,108
KRI_277,377,Run-off Risk,RB,Portfolio,2026-02-14,2026-01-15,yes,115
KRI_278,378,Manual Override,GM,Approvals,2026-02-21,2026-01-31,no,122
KRI_279,379,Documentation Risk,CORP,Policies,2026-02-28,2026-02-15,yes,129
KRI_280,380,Incident Frequency,AM,Operations,2026-03-07,2026-02-28,no,136
KRI_281,381,Market Risk,IB,Equities,2026-03-14,2026-03-15,yes,143
KRI_282,382,Credit Risk,RB,Loans,2026-03-21,2026-03-31,no,150
KRI_283,383,Liquidity Risk,GM,Funding,2026-03-28,2026-04-15,yes,157
KRI_284,384,Operational Risk,CORP,Back Office,2026-04-04,2026-04-30,no,164
KRI_285,385,Compliance Risk,AM,Advisory,2026-04-11,2026-05-15,yes,171
KRI_286,386,Model Risk,IB,Quant,2026-04-18,2026-05-31,no,178
KRI_287,387,Cyber Risk,RB,Security,2026-04-25,2026-06-15,yes,185
KRI_288,388,Data Quality,GM,Reporting,2026-05-02,2026-06-30,no,192
KRI_289,389,Fraud Risk,CORP,Payments,2026-05-09,2026-07-15,yes,199
KRI_290,390,Conduct Risk,AM,HR,2026-05-16,2026-07-31,no,206
KRI_291,391,Counterparty Risk,IB,Derivatives,2026-05-23,2026-08-15,yes,213
KRI_292,392,Settlement Risk,RB,Clearing,2026-05-30,2026-08-31,no,220
KRI_293,393,Interest Rate Risk,GM,Treasury,2026-06-06,2026-09-15,yes,227
KRI_294,394,Strategic Risk,CORP,Planning,2026-06-13,2026-09-30,no,234
KRI_295,395,Business Continuity,AM,Resilience,2026-06-20,2026-10-15,yes,241
KRI_296,396,Third Party Risk,IB,Vendors,2026-06-27,2026-10-31,no,248
KRI_297,397,AML Risk,RB,Monitoring,2026-07-04,2026-11-15,yes,255
KRI_298,398,KYC Risk,GM,Onboarding,2026-07-11,2026-11-30,no,262
KRI_299,399,Technology Risk,CORP,Infrastructure,2026-07-18,2026-12-15,yes,269
KRI_300,400,Legal Risk,AM,Contracts,2026-07-25,2026-12-31,no,276
KRI_301,401,Reputational Risk,IB,Customer Service,2026-01-03,2025-12-31,yes,283
KRI_302,402,Country Risk,RB,Sovereign,2026-01-10,2026-01-15,no,290
KRI_303,403,Tax Risk,GM,Filing,2026-01-17,2026-01-31,yes,297
KRI_304,404,Portfolio Risk,CORP,Allocation,2026-01-24,2026-02-15,no,304
KRI_305,405,Funding Risk,AM,ALM,2026-01-31,2026-02-28,yes,311
KRI_306,406,Concentration Risk,IB,Large Exposures,2026-02-07,2026-03-15,no,318
KRI_307,407,Valuation Risk,RB,Pricing,2026-02-14,2026-03-31,yes,325
KRI_308,408,Reporting Risk,GM,Finance,2026-02-21,2026-04-15,no,332
KRI_309,409,Market Conduct,CORP,Surveillance,2026-02-28,2026-04-30,yes,339
KRI_310,410,Collateral Risk,AM,Securities,2026-03-07,2026-05-15,no,346
KRI_311,411,Trade Break Risk,IB,Reconciliation,2026-03-14,2026-05-31,yes,353
KRI_312,412,Policy Breach,RB,Governance,2026-03-21,2026-06-15,no,360
KRI_313,413,Access Risk,GM,Identity,2026-03-28,2026-06-30,yes,2
KRI_314,414,Operational Loss,CORP,Incidents,2026-04-04,2026-07-15,no,9
KRI_315,415,Stress Risk,AM,Scenario,2026-04-11,2026-07-31,yes,16
KRI_316,416,Hedging Risk,IB,Trading,2026-04-18,2026-08-15,no,23
KRI_317,417,Run-off Risk,RB,Portfolio,2026-04-25,2026-08-31,yes,30
KRI_318,418,Manual Override,GM,Approvals,2026-05-02,2026-09-15,no,37
KRI_319,419,Documentation Risk,CORP,Policies,2026-05-09,2026-09-30,yes,44
KRI_320,420,Incident Frequency,AM,Operations,2026-05-16,2026-10-15,no,51
KRI_321,421,Market Risk,IB,Equities,2026-05-23,2026-10-31,yes,58
KRI_322,422,Credit Risk,RB,Loans,2026-05-30,2026-11-15,no,65
KRI_323,423,Liquidity Risk,GM,Funding,2026-06-06,2026-11-30,yes,72
KRI_324,424,Operational Risk,CORP,Back Office,2026-06-13,2026-12-15,no,79
KRI_325,425,Compliance Risk,AM,Advisory,2026-06-20,2026-12-31,yes,86
KRI_326,426,Model Risk,IB,Quant,2026-06-27,2025-12-31,no,93
KRI_327,427,Cyber Risk,RB,Security,2026-07-04,2026-01-15,yes,100
KRI_328,428,Data Quality,GM,Reporting,2026-07-11,2026-01-31,no,107
KRI_329,429,Fraud Risk,CORP,Payments,2026-07-18,2026-02-15,yes,114
KRI_330,430,Conduct Risk,AM,HR,2026-07-25,2026-02-28,no,121
KRI_331,431,Counterparty Risk,IB,Derivatives,2026-01-03,2026-03-15,yes,128
KRI_332,432,Settlement Risk,RB,Clearing,2026-01-10,2026-03-31,no,135
KRI_333,433,Interest Rate Risk,GM,Treasury,2026-01-17,2026-04-15,yes,142
KRI_334,434,Strategic Risk,CORP,Planning,2026-01-24,2026-04-30,no,149
KRI_335,435,Business Continuity,AM,Resilience,2026-01-31,2026-05-15,yes,156
KRI_336,436,Third Party Risk,IB,Vendors,2026-02-07,2026-05-31,no,163
KRI_337,437,AML Risk,RB,Monitoring,2026-02-14,2026-06-15,yes,170
KRI_338,438,KYC Risk,GM,Onboarding,2026-02-21,2026-06-30,no,177
KRI_339,439,Technology Risk,CORP,Infrastructure,2026-02-28,2026-07-15,yes,184
KRI_340,440,Legal Risk,AM,Contracts,2026-03-07,2026-07-31,no,191
KRI_341,441,Reputational Risk,IB,Customer Service,2026-03-14,2026-08-15,yes,198
KRI_342,442,Country Risk,RB,Sovereign,2026-03-21,2026-08-31,no,205
KRI_343,443,Tax Risk,GM,Filing,2026-03-28,2026-09-15,yes,212
KRI_344,444,Portfolio Risk,CORP,Allocation,2026-04-04,2026-09-30,no,219
KRI_345,445,Funding Risk,AM,ALM,2026-04-11,2026-10-15,yes,226
KRI_346,446,Concentration Risk,IB,Large Exposures,2026-04-18,2026-10-31,no,233
KRI_347,447,Valuation Risk,RB,Pricing,2026-04-25,2026-11-15,yes,240
KRI_348,448,Reporting Risk,GM,Finance,2026-05-02,2026-11-30,no,247
KRI_349,449,Market Conduct,CORP,Surveillance,2026-05-09,2026-12-15,yes,254
KRI_350,450,Collateral Risk,AM,Securities,2026-05-16,2026-12-31,no,261
KRI_351,451,Trade Break Risk,IB,Reconciliation,2026-05-23,2025-12-31,yes,268
KRI_352,452,Policy Breach,RB,Governance,2026-05-30,2026-01-15,no,275
KRI_353,453,Access Risk,GM,Identity,2026-06-06,2026-01-31,yes,282
KRI_354,454,Operational Loss,CORP,Incidents,2026-06-13,2026-02-15,no,289
KRI_355,455,Stress Risk,AM,Scenario,2026-06-20,2026-02-28,yes,296
KRI_356,456,Hedging Risk,IB,Trading,2026-06-27,2026-03-15,no,303
KRI_357,457,Run-off Risk,RB,Portfolio,2026-07-04,2026-03-31,yes,310
KRI_358,458,Manual Override,GM,Approvals,2026-07-11,2026-04-15,no,317
KRI_359,459,Documentation Risk,CORP,Policies,2026-07-18,2026-04-30,yes,324
KRI_360,460,Incident Frequency,AM,Operations,2026-07-25,2026-05-15,no,331
KRI_361,461,Market Risk,IB,Equities,2026-01-03,2026-05-31,yes,338
KRI_362,462,Credit Risk,RB,Loans,2026-01-10,2026-06-15,no,345
KRI_363,463,Liquidity Risk,GM,Funding,2026-01-17,2026-06-30,yes,352
KRI_364,464,Operational Risk,CORP,Back Office,2026-01-24,2026-07-15,no,359
KRI_365,465,Compliance Risk,AM,Advisory,2026-01-31,2026-07-31,yes,1
KRI_366,466,Model Risk,IB,Quant,2026-02-07,2026-08-15,no,8
KRI_367,467,Cyber Risk,RB,Security,2026-02-14,2026-08-31,yes,15
KRI_368,468,Data Quality,GM,Reporting,2026-02-21,2026-09-15,no,22
KRI_369,469,Fraud Risk,CORP,Payments,2026-02-28,2026-09-30,yes,29
KRI_370,470,Conduct Risk,AM,HR,2026-03-07,2026-10-15,no,36
KRI_371,471,Counterparty Risk,IB,Derivatives,2026-03-14,2026-10-31,yes,43
KRI_372,472,Settlement Risk,RB,Clearing,2026-03-21,2026-11-15,no,50
KRI_373,473,Interest Rate Risk,GM,Treasury,2026-03-28,2026-11-30,yes,57
KRI_374,474,Strategic Risk,CORP,Planning,2026-04-04,2026-12-15,no,64
KRI_375,475,Business Continuity,AM,Resilience,2026-04-11,2026-12-31,yes,71
KRI_376,476,Third Party Risk,IB,Vendors,2026-04-18,2025-12-31,no,78
KRI_377,477,AML Risk,RB,Monitoring,2026-04-25,2026-01-15,yes,85
KRI_378,478,KYC Risk,GM,Onboarding,2026-05-02,2026-01-31,no,92
KRI_379,479,Technology Risk,CORP,Infrastructure,2026-05-09,2026-02-15,yes,99
KRI_380,480,Legal Risk,AM,Contracts,2026-05-16,2026-02-28,no,106
KRI_381,481,Reputational Risk,IB,Customer Service,2026-05-23,2026-03-15,yes,113
KRI_382,482,Country Risk,RB,Sovereign,2026-05-30,2026-03-31,no,120
KRI_383,483,Tax Risk,GM,Filing,2026-06-06,2026-04-15,yes,127
KRI_384,484,Portfolio Risk,CORP,Allocation,2026-06-13,2026-04-30,no,134
KRI_385,485,Funding Risk,AM,ALM,2026-06-20,2026-05-15,yes,141
KRI_386,486,Concentration Risk,IB,Large Exposures,2026-06-27,2026-05-31,no,148
KRI_387,487,Valuation Risk,RB,Pricing,2026-07-04,2026-06-15,yes,155
KRI_388,488,Reporting Risk,GM,Finance,2026-07-11,2026-06-30,no,162
KRI_389,489,Market Conduct,CORP,Surveillance,2026-07-18,2026-07-15,yes,169
KRI_390,490,Collateral Risk,AM,Securities,2026-07-25,2026-07-31,no,176
KRI_391,491,Trade Break Risk,IB,Reconciliation,2026-01-03,2026-08-15,yes,183
KRI_392,492,Policy Breach,RB,Governance,2026-01-10,2026-08-31,no,190
KRI_393,493,Access Risk,GM,Identity,2026-01-17,2026-09-15,yes,197
KRI_394,494,Operational Loss,CORP,Incidents,2026-01-24,2026-09-30,no,204
KRI_395,495,Stress Risk,AM,Scenario,2026-01-31,2026-10-15,yes,211
KRI_396,496,Hedging Risk,IB,Trading,2026-02-07,2026-10-31,no,218
KRI_397,497,Run-off Risk,RB,Portfolio,2026-02-14,2026-11-15,yes,225
KRI_398,498,Manual Override,GM,Approvals,2026-02-21,2026-11-30,no,232
KRI_399,499,Documentation Risk,CORP,Policies,2026-02-28,2026-12-15,yes,239
